title,price,rating,reviews,availability
"Lenovo IdeaPad Gaming Chromebook - 2022 - Chromebook Gaming Laptop - Intel Iris XE Graphics - 16"" Display - 8GB Memory - 256GB Storage - Intel i5 12th Gen - Storm Grey",569.99,3.9 out of 5 stars,12 ratings,Out of stock
"Lenovo IdeaPad 15.6"" Laptop Newest, 20GB RAM, 1TB SSD, AMD Dual-core Processor, 15.6 Inch HD Anti-Glare Display, WiFi6 Bluetooth 5.0, 9.5Hr Battery, Windows 11 +GM Accessories",399.98,4.1 out of 5 stars,222 ratings,In Stock
"SGIN Laptop 15.6 Inch, 4GB DDR4 128GB SSD Windows 11 Laptops with Intel Celeron Quad Core J4105(up to 2.5 GHz), Intel UHD Graphics 600, Mini HDMI, WiFi, Webcam, USB3.0, Bluetooth 4.2",259.98,4.5 out of 5 stars,"1,180 ratings",In Stock
"jumper Laptop 16 Inch FHD IPS Display (16:10), Intel Celeron Quad Core J4105, 4GB DDR4 128GB Storage, Windows 11 Laptops Computer with Office 365 1-Year Subscription Included, 4 Stereo Speakers,Gray",279.98,4.4 out of 5 stars,"1,488 ratings",Out of stock
"ASUS Vivobook Go 15 L510 Thin & Light Laptop Computer, 15.6” FHD Display, Intel Celeron N4020 Processor, 4GB RAM, 64GB Storage, Windows 11 Home in S Mode, 1 Year Microsoft 365, Star Black, L510MA-AS02",189.99,4.3 out of 5 stars,"1,594 ratings",In Stock
"SGIN Laptop 15.6 Inch, 4GB DDR4 128GB SSD Windows 11 Laptops with Intel Celeron Quad Core J4105(up to 2.5 GHz), Intel UHD Graphics 600, Mini HDMI, WiFi, Webcam, USB3.0, Bluetooth 4.2",259.98,4.5 out of 5 stars,"1,180 ratings",In Stock
"ASUS Vivobook Go 15 L510 Thin & Light Laptop Computer, 15.6” FHD Display, Intel Celeron N4020 Processor, 4GB RAM, 64GB Storage, Windows 11 Home in S Mode, 1 Year Microsoft 365, Star Black, L510MA-AS02",189.99,4.3 out of 5 stars,"1,594 ratings",In Stock
"jumper Laptop 16 Inch FHD IPS Display (16:10), Intel Celeron Quad Core J4105, 4GB DDR4 128GB Storage, Windows 11 Laptops Computer with Office 365 1-Year Subscription Included, 4 Stereo Speakers,Gray",279.98,4.4 out of 5 stars,"1,488 ratings",Out of stock
"Apple MacBook Air with Intel Core i5, 1.6GHz, (13-inch, 4GB,128GB SSD) - Silver (Renewed)",215.00,4.2 out of 5 stars,"1,650 ratings",In Stock.
"Acer Chromebook Spin 314 Convertible Laptop | Intel Pentium Silver N6000 | 14"" HD Corning Gorilla Glass Touch Display | 4GB LPDDR4X | 128GB eMMC | Intel Wi-Fi 6 AX201 | Chrome OS | CP314-1H-P9G7",329.04,4.3 out of 5 stars,473 ratings,In Stock
"HP Chromebook 11a-ne0013dx 11.6 inch MediaTek MT8183 4GB 64GB eMMC Google Chrome OS Installed, Lightweight and Thin Traditional Laptop Notebook PC, USB-C, Camera, Bluetooth, Wifi, Ash Gray (Renewed)",119.95,4.1 out of 5 stars,26 ratings,In Stock.
"HP 15.6in Laptop (Intel Pentium Quad-Core N5000, 4GB RAM, 128GB SSD, HDMI, WiFi, Bluetooth, HD Webcam, Windows 10 S) (Renewed)",229.00,4.4 out of 5 stars,"1,351 ratings",Out of stock
"Newest HP 14"" HD Laptop, Windows 11, Intel Celeron Dual-Core Processor Up to 2.60GHz, 4GB RAM, 64GB SSD, Webcam, Dale Pink(Renewed) (Dale Pink)",216.99,4.2 out of 5 stars,986 ratings,In Stock.
"SAMSUNG 2022 14” FHD(1920 x 1080) Laptop, Windows 11 OS, Qualcomm Octa Core Snapdragon Processor 2.55GHz, 4GB LPDDR4x, 64GB SSD (Renewed)",165.00,4.0 out of 5 stars,309 ratings,Out of stock
"SGIN 17.3 Inch Laptop with 8GB RAM 256GB SSD, 17.3"" Windows 11 Laptops with Intel Celeron Quad Core J4105, FHD 1920x1080, Mini HDMI, Webcam, Dual WI-Fi, Typc-C, Expandable Storage 512GB TF(Black)",399.99,4.3 out of 5 stars,320 ratings,In Stock
"ASUS Chromebook C424, 14.0"" 180 Degree FHD NanoEdge Display, Intel Dual Core Celeron Processor, 4GB LPDDR4 RAM, 128GB Storage, Silver Color, C424MA-AS48F",249.99,Previous page of related Sponsored Products,,In Stock
"SGIN Laptop 12GB RAM 512GB SSD, 15.6 Inch Windows 11 Laptops with Intel Celeron N5095 Quad-Core Processor(up to 2.9 GHz), Full HD 1080P Screen, Mini HDMI, 2.4/5.0G WiFi, Webcam, Bluetooth 4.2, Grey",359.99,4.4 out of 5 stars,"1,253 ratings",In Stock
"Acer Aspire 5 A515-56-347N Slim Laptop - 15.6"" Full HD IPS Display - 11th Gen Intel i3-1115G4 Dual Core Processor - 8GB DDR4 - 128GB NVMe SSD - WiFi 6 - Amazon Alexa - Windows 11 Home in S Mode",299.99,4.3 out of 5 stars,"2,107 ratings",In Stock
"WAICID Laptop 15.6 Inch, 512GB SSD 12GB DDR4, Intel Celeron N5095(4M Cache, up to 2.9 GHz), Windows 11 Laptops Computer with USB Type-C, IPS FHD 1080P Display, 5G/2.4Ghz WiFi, 2*USB 3.0, Bluetooth 4.2",999.00,4.2 out of 5 stars,68 ratings,In Stock
Gateway Newest Touchscreen 11.6 HD 2-in-1 Convertible Laptop in Blue Intel N4020 4GB RAM 64GB SSD Mini-HDMI Webcam Windows 10 S (Renewed) (GT-116),133.00,3.9 out of 5 stars,693 ratings,In Stock.
"ASUS Chromebook Vibe C55 Flip, Cloud Gaming Laptop, 15.6"" Full HD 144 Hz Touch Display, Intel® Core™ i5-1135G7 Processor, 512GB SSD, 16GB RAM, ChromeOS, Mineral Gray, CX5501FEA-AS562T",699.99,Previous page of related Sponsored Products,,In Stock
"Lenovo IdeaPad 15.6"" Laptop Newest, 20GB RAM, 1TB SSD, AMD Dual-core Processor, 15.6 Inch HD Anti-Glare Display, WiFi6 Bluetooth 5.0, 9.5Hr Battery, Windows 11 +GM Accessories",399.98,4.1 out of 5 stars,222 ratings,In Stock
"Lenovo 2022 Newest Ideapad 3 Laptop, 15.6"" HD Touchscreen, 11th Gen Intel Core i3-1115G4 Processor, 8GB DDR4 RAM, 256GB PCIe NVMe SSD, HDMI, Webcam, Wi-Fi 5, Bluetooth, Windows 11 Home, Almond",415.99,4.3 out of 5 stars,"2,902 ratings",Out of stock
"ASUS Vivobook Laptop L210 11.6"" Ultra Thin Laptop, Intel Celeron N4020 Processor, 4GB RAM, 128GB eMMC Storage, Windows 11 Home in S Mode with One Year of Office 365 Personal, L210MA-DS04",179.99,4.3 out of 5 stars,"8,309 ratings",In Stock
"Dell Newest Inspiron 15 3511 Laptop, 15.6"" FHD Touchscreen, Intel Core i5-1035G1, 32GB RAM, 1TB PCIe NVMe M.2 SSD, SD Card Reader, Webcam, HDMI, WiFi, Windows 11 Home, Black",624.99,4.4 out of 5 stars,53 ratings,Out of stock
"HP Premium 14-inch HD Thin and Light Laptop, Intel Dual-Core Processor, 16GB RAM, 64GB Storage, Long Battery Life, Webcam, Bluetooth, HDMI, Wi-Fi, Rose Gold, Windows 11 + 1 Year Microsoft 365",369.00,4.0 out of 5 stars,167 ratings,In Stock
"Lenovo 2022 Newest Ideapad 3 Laptop, 15.6"" HD Touchscreen, 11th Gen Intel Core i3-1115G4 Processor, 8GB DDR4 RAM, 256GB PCIe NVMe SSD, HDMI, Webcam, Wi-Fi 5, Bluetooth, Windows 11 Home, Platinum Grey",379.99,4.4 out of 5 stars,277 ratings,Out of stock
"MSI Thin GF63 15.6"" 144Hz Gaming Laptop: 12th Gen Intel Core i7, NVIDIA GeForce RTX 4050, 16GB DDR4, 512GB NVMe SSD, Type-C, Cooler Boost 5, Win11 Home: Black 12VE-066US",999.00,4.5 out of 5 stars,"1,798 ratings",In Stock
"Samsung Chromebook 4 (2021 Model) 11.6"" Intel UHD Graphics 600, Intel Celeron Processor N4020, 4GB, 16GB- Wi-Fi - Satin Gray- (XE310XBA-KB1US)",127.46,4.2 out of 5 stars,81 ratings,Out of stock
"HP 2023 15'' HD IPS Laptop, Windows 11, Intel Pentium 4-Core Processor Up to 2.70GHz, 8GB RAM, 128GB SSD, HDMI, Super-Fast 6th Gen WiFi, Dale Red (Renewed)",280.00,4.3 out of 5 stars,78 ratings,In Stock.
"VILVA Portable-Monitor-for-Laptop - 15.6'' 1080P FHD IPS Display USB-C&HDMI Portable Monitor for Laptop with Cover and Speakers, External Monitor for Laptop/PC/Mac/Phone/Xbox Switch/PS4",124.86,4.9 out of 5 stars,288 ratings,In Stock
